t,nu_w,l,pi_w,activity_coefficient,activity_gap,labor_demand_coefficient,y,i,intertemporal_residual,lambda_w,kappa_w,wage_residual
0,0.0025,0.0025768294097181957,-0.0005673779427113535,0.0,0.007343963817696857,0.0,0.0018037805868027369,0.0016489330859329697,2.168404344971009e-19,0.0,0.0,5.421010862427522e-20
1,0.00125,0.0012884147048590978,-0.00028368897135567676,0.0,0.0036719819088484283,0.0,0.0009018902934013684,0.0008244665429664849,1.0842021724855044e-19,0.0,0.0,5.421010862427522e-20
2,0.000625,0.0006442073524295489,-0.00014184448567783835,0.0,0.0018359909544242142,0.0,0.0004509451467006842,0.0004122332714832425,0.0,0.0,0.0,-1.3552527156068805e-20
3,0.0003125,0.00032210367621477446,-7.092224283891919e-05,0.0,0.0009179954772121071,0.0,0.0002254725733503421,0.00020611663574162122,2.710505431213761e-20,0.0,0.0,6.776263578034403e-21
4,0.00015625,0.00016105183810738723,-3.5461121419459595e-05,0.0,0.00045899773860605354,0.0,0.00011273628667517106,0.00010305831787081061,1.3552527156068805e-20,0.0,0.0,3.3881317890172014e-21
5,7.8125e-05,8.052591905369361e-05,-1.7730560709729797e-05,0.0,0.00022949886930302677,0.0,5.636814333758553e-05,5.1529158935405304e-05,6.776263578034403e-21,0.0,0.0,3.3881317890172014e-21
6,3.90625e-05,4.026295952684681e-05,-8.865280354864897e-06,0.0,0.00011474943465151338,0.0,2.8184071668792764e-05,2.5764579467702655e-05,0.0,0.0,0.0,-8.470329472543003e-22
7,1.953125e-05,2.0131479763423404e-05,-4.432640177432449e-06,0.0,5.737471732575669e-05,0.0,1.4092035834396382e-05,1.2882289733851326e-05,1.6940658945086007e-21,0.0,0.0,4.235164736271502e-22
8,9.765625e-06,1.0065739881711702e-05,-2.2163200887162247e-06,0.0,2.8687358662878346e-05,0.0,7.046017917198191e-06,6.441144866925663e-06,8.470329472543003e-22,0.0,0.0,4.235164736271502e-22
9,4.8828125e-06,5.032869940855851e-06,-1.1081600443581121e-06,0.0,1.4343679331439173e-05,0.0,3.5230089585990955e-06,3.220572433462832e-06,0.0,0.0,0.0,1.0587911840678754e-22
10,2.44140625e-06,2.5164349704279255e-06,-5.54080022179056e-07,0.0,7.1718396657195866e-06,0.0,1.7615044792995477e-06,1.6102862167314162e-06,-2.117582368135751e-22,0.0,0.0,-1.0587911840678754e-22
11,1.220703125e-06,1.2582174852139627e-06,-2.7704001108952803e-07,0.0,3.5859198328597933e-06,0.0,8.807522396497739e-07,8.05143108365708e-07,0.0,0.0,0.0,-2.6469779601696886e-23
12,6.103515625e-07,6.291087426069814e-07,-1.3852000554476404e-07,0.0,1.7929599164298966e-06,0.0,4.4037611982488693e-07,4.0257155418285394e-07,5.293955920339377e-23,0.0,0.0,2.6469779601696886e-23
13,3.0517578125e-07,3.145543713034907e-07,-6.926000277238201e-08,0.0,8.964799582149483e-07,0.0,2.2018805991244347e-07,2.01285777091427e-07,0.0,0.0,0.0,6.617444900424222e-24
14,1.52587890625e-07,1.5727718565174534e-07,-3.4630001386191e-08,0.0,4.4823997910747416e-07,0.0,1.1009402995622173e-07,1.0064288854571351e-07,-1.3234889800848443e-23,0.0,0.0,-6.617444900424222e-24
15,7.62939453125e-08,7.863859282587267e-08,-1.7315000693095502e-08,0.0,2.2411998955373708e-07,0.0,5.504701497811087e-08,5.032144427285675e-08,0.0,0.0,0.0,-1.6543612251060553e-24
16,3.814697265625e-08,3.9319296412936335e-08,-8.657500346547753e-09,0.0,1.1205999477686854e-07,0.0,2.7523507489055433e-08,2.516072213642837e-08,3.308722450212111e-24,0.0,0.0,8.271806125530277e-25
17,1.9073486328125e-08,1.9659648206468168e-08,-4.328750173273876e-09,0.0,5.602999738843427e-08,0.0,1.3761753744527717e-08,1.2580361068214185e-08,1.6543612251060553e-24,0.0,0.0,4.1359030627651384e-25
18,9.5367431640625e-09,9.829824103234084e-09,-2.164375086636938e-09,0.0,2.8014998694217135e-08,0.0,6.880876872263858e-09,6.290180534107093e-09,8.271806125530277e-25,0.0,0.0,2.0679515313825692e-25
19,4.76837158203125e-09,4.914912051617042e-09,-1.082187543318469e-09,0.0,1.4007499347108567e-08,0.0,3.440438436131929e-09,3.1450902670535464e-09,4.1359030627651384e-25,0.0,0.0,1.0339757656912846e-25
20,2.384185791015625e-09,2.457456025808521e-09,-5.410937716592345e-10,0.0,7.003749673554284e-09,0.0,1.7202192180659646e-09,1.5725451335267732e-09,2.0679515313825692e-25,0.0,0.0,5.169878828456423e-26
21,1.1920928955078125e-09,1.2287280129042605e-09,-2.7054688582961727e-10,0.0,3.501874836777142e-09,0.0,8.601096090329823e-10,7.862725667633866e-10,1.0339757656912846e-25,0.0,0.0,2.5849394142282115e-26
22,5.960464477539063e-10,6.143640064521302e-10,-1.3527344291480864e-10,0.0,1.750937418388571e-09,0.0,4.3005480451649115e-10,3.931362833816933e-10,5.169878828456423e-26,0.0,0.0,1.2924697071141057e-26
23,2.9802322387695313e-10,3.071820032260651e-10,-6.763672145740432e-11,0.0,8.754687091942855e-10,0.0,2.1502740225824557e-10,1.9656814169084665e-10,2.5849394142282115e-26,0.0,0.0,6.462348535570529e-27
24,1.4901161193847657e-10,1.5359100161303256e-10,-3.381836072870216e-11,0.0,4.3773435459714273e-10,0.0,1.0751370112912279e-10,9.828407084542332e-11,1.2924697071141057e-26,0.0,0.0,3.2311742677852644e-27
25,7.450580596923828e-11,7.679550080651628e-11,-1.690918036435108e-11,0.0,2.1886717729857137e-10,0.0,5.3756850564561393e-11,4.914203542271166e-11,6.462348535570529e-27,0.0,0.0,1.6155871338926322e-27
26,3.725290298461914e-11,3.839775040325814e-11,-8.45459018217554e-12,0.0,1.0943358864928568e-10,0.0,2.6878425282280697e-11,2.457101771135583e-11,3.2311742677852644e-27,0.0,0.0,8.077935669463161e-28
27,1.862645149230957e-11,1.919887520162907e-11,-4.22729509108777e-12,0.0,5.471679432464284e-11,0.0,1.3439212641140348e-11,1.2285508855677916e-11,1.6155871338926322e-27,0.0,0.0,4.0389678347315804e-28
28,9.313225746154785e-12,9.599437600814535e-12,-2.113647545543885e-12,0.0,2.735839716232142e-11,0.0,6.719606320570174e-12,6.142754427838958e-12,8.077935669463161e-28,0.0,0.0,2.0194839173657902e-28
29,4.656612873077393e-12,4.7997188004072675e-12,-1.0568237727719425e-12,0.0,1.367919858116071e-11,0.0,3.359803160285087e-12,3.071377213919479e-12,4.0389678347315804e-28,0.0,0.0,2.0194839173657902e-28
30,2.3283064365386963e-12,2.3998594002036337e-12,-5.284118863859711e-13,0.0,6.839599290580355e-12,0.0,1.6799015801425435e-12,1.5356886069597396e-12,-4.0389678347315804e-28,0.0,0.0,5.048709793414476e-29
31,1.1641532182693482e-12,1.199929700101817e-12,-2.642059431929855e-13,0.0,3.4197996452901784e-12,0.0,8.399507900712719e-13,7.678443034798699e-13,-1.0097419586828951e-28,0.0,0.0,-5.048709793414476e-29
32,5.820766091346741e-13,5.999648500509086e-13,-1.3210297159649276e-13,0.0,1.7098998226450894e-12,0.0,4.1997539503563604e-13,3.8392215173993496e-13,1.0097419586828951e-28,0.0,0.0,1.262177448353619e-29
33,2.9103830456733704e-13,2.999824250254544e-13,-6.605148579824633e-14,0.0,8.54949911322545e-13,0.0,2.0998769751781807e-13,1.9196107586996756e-13,2.524354896707238e-29,0.0,0.0,-1.262177448353619e-29
34,1.4551915228366852e-13,1.4999121251272726e-13,-3.302574289912312e-14,0.0,4.2747495566127266e-13,0.0,1.0499384875890907e-13,9.598053793498384e-14,3.7865323450608567e-29,0.0,0.0,0.0
35,7.275957614183426e-14,7.499560625636368e-14,-1.6512871449561503e-14,0.0,2.1373747783063645e-13,0.0,5.2496924379454574e-14,4.7990268967492e-14,1.262177448353619e-29,0.0,0.0,-6.310887241768095e-30
36,3.637978807091713e-14,3.749780312818188e-14,-8.256435724780695e-15,0.0,1.0686873891531834e-13,0.0,2.6248462189727312e-14,2.399513448374609e-14,3.1554436208840472e-30,0.0,0.0,-7.888609052210118e-31
37,1.8189894035458565e-14,1.8748901564090958e-14,-4.1282178623902835e-15,0.0,5.343436945765922e-14,0.0,1.312423109486367e-14,1.199756724187314e-14,3.1554436208840472e-30,0.0,0.0,1.1832913578315177e-30
38,9.094947017729283e-15,9.374450782045482e-15,-2.0641089311950735e-15,0.0,2.671718472882962e-14,0.0,6.562115547431837e-15,5.998783620936672e-15,7.888609052210118e-31,0.0,0.0,0.0
39,4.547473508864641e-15,4.6872253910227206e-15,-1.032054465597468e-15,0.0,1.3358592364414752e-14,0.0,3.281057773715904e-15,2.9993918104684395e-15,-3.944304526105059e-31,0.0,0.0,-9.860761315262648e-32
40,2.2737367544323206e-15,2.343612695511317e-15,-5.160272327986669e-16,0.0,6.679296182207253e-15,0.0,1.6405288868579217e-15,1.4996959052343203e-15,0.0,0.0,0.0,-4.930380657631324e-32
41,1.1368683772161603e-15,1.1718063477555894e-15,-2.580136163992706e-16,0.0,3.3396480911034295e-15,0.0,8.202644434289125e-16,7.498479526172544e-16,0.0,0.0,0.0,4.930380657631324e-32
42,5.684341886080802e-16,5.859031738777002e-16,-1.2900680819957948e-16,0.0,1.6698240455514456e-15,0.0,4.1013222171439015e-16,3.7492397630871093e-16,-4.930380657631324e-32,0.0,0.0,-2.465190328815662e-32
43,2.842170943040401e-16,2.9295158693873027e-16,-6.450340409974403e-17,0.0,8.349120227753811e-16,0.0,2.0506611085711116e-16,1.8746198815442405e-16,2.465190328815662e-32,0.0,0.0,6.162975822039155e-33
44,1.4210854715202004e-16,1.4647579346922136e-16,-3.2251702049839275e-17,0.0,4.1745601138728084e-16,0.0,1.0253305542845495e-16,9.373099407726113e-17,0.0,0.0,0.0,-3.0814879110195774e-33
45,7.105427357601002e-17,7.323789673444546e-17,-1.6125851024902723e-17,0.0,2.0872800569316954e-16,0.0,5.126652771411182e-17,4.686549703865593e-17,0.0,0.0,0.0,3.0814879110195774e-33
46,3.552713678800501e-17,3.6618948367039624e-17,-8.062925512452828e-18,0.0,1.0436400284606292e-16,0.0,2.5633263856927736e-17,2.3432748519325766e-17,6.162975822039155e-33,0.0,0.0,-1.5407439555097887e-33
47,1.7763568394002505e-17,1.830947418332347e-17,-4.031462756248465e-18,0.0,5.218200142247188e-17,0.0,1.2816631928326428e-17,1.1716374259629806e-17,0.0,0.0,0.0,-3.851859888774472e-34
48,8.881784197001253e-18,9.154737091457892e-18,-2.0157313781685583e-18,0.0,2.609100071065499e-17,0.0,6.408315964020524e-18,5.8581871297484154e-18,-7.703719777548943e-34,0.0,0.0,7.703719777548943e-34
49,4.440892098500626e-18,4.577368545524318e-18,-1.0078656891519465e-18,0.0,1.3045500354744305e-17,0.0,3.204157981867022e-18,2.9290935647727066e-18,0.0,0.0,0.0,9.62964972193618e-35
50,2.220446049250313e-18,2.2886842725643085e-18,-5.039328446673076e-19,0.0,6.5227501768082785e-18,0.0,1.6020789907950159e-18,1.4645467822493517e-18,0.0,0.0,0.0,1.4444474582904269e-34
51,1.1102230246251566e-18,1.144342136099319e-18,-2.519664224481324e-19,0.0,3.2613750878830585e-18,0.0,8.010394952695233e-19,7.322733909529579e-19,0.0,0.0,0.0,0.0
52,5.551115123125783e-19,5.721710678905226e-19,-1.2598321136023663e-19,0.0,1.6306875434879891e-18,0.0,4.005197475233658e-19,3.6613669527222335e-19,4.81482486096809e-35,0.0,0.0,0.0
53,2.7755575615628914e-19,2.8608553381868176e-19,-6.299160583553787e-20,0.0,8.153437713832429e-19,0.0,2.0025987367307721e-19,1.8306834740298235e-19,-2.407412430484045e-35,0.0,0.0,0.0
54,1.3877787807814457e-19,1.4304276682404332e-19,-3.149580308897533e-20,0.0,4.076718854485234e-19,0.0,1.0012993677683031e-19,9.153417344468158e-20,-1.2037062152420224e-35,0.0,0.0,6.018531076210112e-36
55,6.938893903907229e-20,7.152138337625313e-20,-1.574790172700372e-20,0.0,2.038359426223214e-19,0.0,5.006496836337719e-20,4.5767086448566705e-20,-6.018531076210112e-36,0.0,0.0,-3.009265538105056e-36
56,3.469446951953614e-20,3.576069170928939e-20,-7.873951051878912e-21,0.0,1.0191797137147474e-19,0.0,2.503248419650257e-20,2.2883542941717775e-20,3.009265538105056e-36,0.0,0.0,1.504632769052528e-36
57,1.734723475976807e-20,1.7880345938915956e-20,-3.9369757138423715e-21,0.0,5.0958985925910466e-20,0.0,1.2516242157241168e-20,1.1441771189004514e-20,0.0,0.0,0.0,-3.76158192263132e-37
58,8.673617379884036e-21,8.940173121408232e-21,-1.9684880372570715e-21,0.0,2.5479493396013458e-20,0.0,6.258121184985762e-21,5.720885323998428e-21,0.0,0.0,0.0,1.88079096131566e-37
59,4.336808689942018e-21,4.470086782929614e-21,-9.842441837194985e-22,0.0,1.2739747331349397e-20,0.0,3.1290607480507297e-21,2.8604424143627703e-21,3.76158192263132e-37,0.0,0.0,0.0
60,2.168404344971009e-21,2.2350436842486057e-21,-4.9212223365874185e-22,0.0,6.369874500108525e-21,0.0,1.5645305789740238e-21,1.4302209944828961e-21,3.76158192263132e-37,0.0,0.0,4.70197740328915e-38
61,1.0842021724855045e-21,1.1175222031424946e-21,-2.4606122717627033e-22,0.0,3.1849382789561093e-21,0.0,7.822655421997462e-22,7.15110331721099e-22,0.0,0.0,0.0,0.0
62,5.421010862427522e-22,5.587615256608247e-22,-1.2303068450140587e-22,0.0,1.5924703481333503e-21,0.0,3.9113306796257727e-22,3.575550594906434e-22,0.0,0.0,0.0,0.0
63,2.710505431213761e-22,2.793812418350105e-22,-6.15153662480779e-23,0.0,7.962365392297798e-22,0.0,1.9556686928450731e-22,1.7877749374925927e-22,2.350988701644575e-38,0.0,0.0,0.0
64,1.3552527156068806e-22,1.396911436263271e-22,-3.0757653563765804e-23,0.0,3.981197593350322e-22,0.0,9.778380053842896e-23,8.938879121503935e-23,0.0,0.0,0.0,-8.816207631167156e-39
65,6.776263578034403e-23,6.98461240067831e-23,-1.5378738214276638e-23,0.0,1.990614534193318e-22,0.0,4.889228680474817e-23,4.469452845892907e-23,0.0,0.0,0.0,1.4693679385278594e-39
66,3.3881317890172014e-23,3.4923626617803366e-23,-7.689217624540534e-24,0.0,9.953233586073958e-23,0.0,2.4446538632462354e-23,2.234749145336121e-23,5.877471754111438e-39,0.0,0.0,0.0
67,1.6940658945086007e-23,1.746237072615055e-23,-3.8443923841180105e-24,0.0,4.976775656952906e-23,0.0,1.2223659508305384e-23,1.1174070368908991e-23,0.0,0.0,0.0,-1.1020259538958945e-39
68,8.470329472543004e-24,8.731713833080814e-24,-1.9219149706956137e-24,0.0,2.4885384424280318e-23,0.0,6.112199683156569e-24,5.587457016499583e-24,7.346839692639297e-40,0.0,0.0,-5.510129769479473e-40
69,4.235164736271502e-24,4.366333110384441e-24,-9.606140675449756e-25,0.0,1.2444049364595654e-23,0.0,3.0564331772691084e-24,2.7942436349540382e-24,3.6734198463196485e-40,0.0,0.0,9.183549615799121e-41
70,2.117582368135751e-24,2.183566245247909e-24,-4.799066627507586e-25,0.0,6.22316379895654e-24,0.0,1.5284963716735362e-24,1.397722374009613e-24,1.8367099231598242e-40,0.0,0.0,-4.591774807899561e-41
71,1.0587911840678754e-24,1.092081979591087e-24,-2.395040244756195e-25,0.0,3.1124336418345978e-24,0.0,7.644573857137609e-25,6.995351473544462e-25,0.0,0.0,0.0,2.2958874039497803e-41
72,5.293955920339377e-25,5.462154811133164e-25,-1.192646003622099e-25,0.0,1.5567141211729516e-24,0.0,3.8235083677932147e-25,3.5049869149062285e-25,0.0,0.0,0.0,0.0
73,2.6469779601696886e-25,2.731361089688128e-25,-5.912036672613258e-26,0.0,7.784379105611163e-25,0.0,1.9119527627816894e-25,1.7601724592776998e-25,-4.591774807899561e-41,0.0,0.0,5.739718509874451e-42
74,1.3234889800848443e-25,1.3643134993248626e-25,-2.9039892626719853e-26,0.0,3.888293473075858e-25,0.0,9.550194495274038e-26,8.878905906840465e-26,0.0,0.0,0.0,8.609577764811676e-42
75,6.617444900424222e-26,6.789880770642732e-26,-1.400975427068375e-26,0.0,1.9351160196331785e-25,0.0,4.7529165394499124e-26,4.515981759821659e-26,0.0,0.0,0.0,0.0
76,3.308722450212111e-26,3.344218196745113e-26,-6.525121010247687e-27,0.0,9.531021860723572e-26,0.0,2.340952737721579e-26,2.329954298674958e-26,-8.609577764811676e-42,0.0,0.0,1.4349296274686127e-42
77,1.6543612251060554e-26,1.6019201531608542e-26,-2.8349276670143127e-27,0.0,4.565472436508434e-26,0.0,1.121344107212598e-26,1.2291220750539084e-26,0.0,0.0,0.0,3.587324068671532e-43
78,8.271806125530277e-27,7.115490944698265e-27,-1.0643451298263305e-27,0.0,2.0279149192390054e-26,0.0,4.980843661288785e-27,6.675288430790782e-27,-1.4349296274686127e-42,0.0,0.0,2.6904930515036488e-43
79,4.1359030627651385e-27,2.4813585554930523e-27,-2.7591015301704e-28,0.0,7.071871883155198e-27,0.0,1.7369509888451363e-27,3.722037833239578e-27,0.0,0.0,0.0,0.0
